{
  "n_iterations": 2000,
  "best_params": {
    "ice_thresh": 1111,
    "high_thresh": 2778,
    "melt_below": 1316,
    "pos_ice": 0.28573975101033333,
    "pos_repair": 0.42629001795906163,
    "pos_high": 0.680027592800555,
    "pos_over": 0.21287616807740495,
    "pos_1d": 0.10090459833045606,
    "pos_3d": 0.1691301224938593,
    "stop_loss_1d": 0.01,
    "stop_loss_3d": 0.01,
    "tp_threshold": 0.04665461707633193,
    "tp_retrace": 0.038911407844153284,
    "yb_top_n": 6,
    "yb_score_min": 51,
    "yb_ice_score": 73,
    "cf_ice_enabled": 1,
    "bd_top_n": 5,
    "bd_score_min": 16,
    "bd_min_hold": 2,
    "td_min_score": 34,
    "td_min_hold": 4
  },
  "best_metrics": {
    "total_return": 0.35766240808496624,
    "win_rate": 0.8363636363636363,
    "max_drawdown": 0.04033224337896936,
    "sharpe": 1.0725764335697003,
    "num_trades": 55
  },
  "global_stats": {
    "avg_return": -0.361168457889446,
    "median_return": -0.3549492226082207,
    "std_return": 0.26091649975384035,
    "avg_win_rate": 0.8220972748273784,
    "positive_rate": 0.0845,
    "avg_max_dd": 0.4214233305818032
  },
  "param_correlations": {
    "ice_thresh": 0.03410750575390911,
    "high_thresh": 0.009047567815189592,
    "melt_below": -0.041297592725581825,
    "pos_ice": 0.012433938318593766,
    "pos_repair": -0.02373297733745935,
    "pos_high": 0.0012249303614255357,
    "pos_over": 0.0041800561407708174,
    "pos_1d": 0.005136763957183054,
    "pos_3d": 0.016482162392502556,
    "tp_threshold": -0.00740632868620341,
    "tp_retrace": -0.002451651754957409,
    "yb_top_n": 0.021326686432511188,
    "yb_score_min": 0.006504670015476635,
    "yb_ice_score": 0.03768849910822375,
    "cf_ice_enabled": 0.01863173798022867,
    "bd_top_n": -0.0024715916995544786,
    "bd_score_min": -0.014072965617489625,
    "bd_min_hold": -0.0069208796710639045,
    "td_min_score": 0.03303823145659383,
    "td_min_hold": 0.0069427921381735565
  },
  "top10": [
    {
      "score": 160.031973759013,
      "return": -0.14920121953119245,
      "win_rate": 1.0,
      "max_dd": 0.22619713504071348,
      "params": {
        "ice_thresh": 1067,
        "high_thresh": 4054,
        "melt_below": 2138,
        "pos_ice": 0.30359148577832107,
        "pos_repair": 0.5149349017188122,
        "pos_high": 0.8034398668344241,
        "pos_over": 0.2089871871022732,
        "pos_1d": 0.11320200342725292,
        "pos_3d": 0.1765175864200077,
        "stop_loss_1d": 0.01,
        "stop_loss_3d": 0.01,
        "tp_threshold": 0.056384865131480985,
        "tp_retrace": 0.051028137915833785,
        "yb_top_n": 6,
        "yb_score_min": 56,
        "yb_ice_score": 90,
        "cf_ice_enabled": 2,
        "bd_top_n": 3,
        "bd_score_min": 11,
        "bd_min_hold": 3,
        "td_min_score": 29,
        "td_min_hold": 2
      }
    },
    {
      "score": 124.5569998516736,
      "return": -0.09684774060110142,
      "win_rate": 1.0,
      "max_dd": 0.15238410197576763,
      "params": {
        "ice_thresh": 1618,
        "high_thresh": 3433,
        "melt_below": 2235,
        "pos_ice": 0.3465341150565856,
        "pos_repair": 0.4680374628272822,
        "pos_high": 0.728394487367328,
        "pos_over": 0.24605052111489614,
        "pos_1d": 0.08506054757770004,
        "pos_3d": 0.11123934908426003,
        "stop_loss_1d": 0.01,
        "stop_loss_3d": 0.01,
        "tp_threshold": 0.03521612819599795,
        "tp_retrace": 0.040629975794696294,
        "yb_top_n": 6,
        "yb_score_min": 47,
        "yb_ice_score": 90,
        "cf_ice_enabled": 1,
        "bd_top_n": 5,
        "bd_score_min": 18,
        "bd_min_hold": 2,
        "td_min_score": 21,
        "td_min_hold": 4
      }
    },
    {
      "score": 118.50842078166018,
      "return": -0.10557799375746794,
      "win_rate": 1.0,
      "max_dd": 0.136347811232118,
      "params": {
        "ice_thresh": 1342,
        "high_thresh": 3096,
        "melt_below": 2208,
        "pos_ice": 0.33518990289045747,
        "pos_repair": 0.30597027114222547,
        "pos_high": 0.8636315955787064,
        "pos_over": 0.21029882731345126,
        "pos_1d": 0.07041021215982177,
        "pos_3d": 0.13578793338747688,
        "stop_loss_1d": 0.01,
        "stop_loss_3d": 0.01,
        "tp_threshold": 0.05224156405971836,
        "tp_retrace": 0.04356617316160724,
        "yb_top_n": 5,
        "yb_score_min": 64,
        "yb_ice_score": 91,
        "cf_ice_enabled": 1,
        "bd_top_n": 4,
        "bd_score_min": 16,
        "bd_min_hold": 4,
        "td_min_score": 35,
        "td_min_hold": 3
      }
    },
    {
      "score": 117.34233648779355,
      "return": 0.0022232974878033857,
      "win_rate": 1.0,
      "max_dd": 0.06357794743998045,
      "params": {
        "ice_thresh": 1768,
        "high_thresh": 2865,
        "melt_below": 2125,
        "pos_ice": 0.2250712843810445,
        "pos_repair": 0.5110813431578723,
        "pos_high": 0.5824013613698258,
        "pos_over": 0.23753365022584544,
        "pos_1d": 0.07445354644763746,
        "pos_3d": 0.12252419401072238,
        "stop_loss_1d": 0.01,
        "stop_loss_3d": 0.01,
        "tp_threshold": 0.039043074036111965,
        "tp_retrace": 0.05187612784017627,
        "yb_top_n": 6,
        "yb_score_min": 44,
        "yb_ice_score": 91,
        "cf_ice_enabled": 1,
        "bd_top_n": 3,
        "bd_score_min": 18,
        "bd_min_hold": 4,
        "td_min_score": 23,
        "td_min_hold": 3
      }
    },
    {
      "score": 115.69350036315973,
      "return": -0.2686765046163561,
      "win_rate": 1.0,
      "max_dd": 0.28929900394271946,
      "params": {
        "ice_thresh": 1125,
        "high_thresh": 4054,
        "melt_below": 2267,
        "pos_ice": 0.284200711072905,
        "pos_repair": 0.34779484563974017,
        "pos_high": 0.7230187805370764,
        "pos_over": 0.2549134304149454,
        "pos_1d": 0.07206378741871867,
        "pos_3d": 0.18015645647090112,
        "stop_loss_1d": 0.01,
        "stop_loss_3d": 0.01,
        "tp_threshold": 0.05911426112494263,
        "tp_retrace": 0.0579284358240114,
        "yb_top_n": 6,
        "yb_score_min": 66,
        "yb_ice_score": 89,
        "cf_ice_enabled": 2,
        "bd_top_n": 5,
        "bd_score_min": 14,
        "bd_min_hold": 4,
        "td_min_score": 38,
        "td_min_hold": 2
      }
    },
    {
      "score": 115.33081460706761,
      "return": -0.0684230633501627,
      "win_rate": 1.0,
      "max_dd": 0.13156367422503987,
      "params": {
        "ice_thresh": 1909,
        "high_thresh": 2917,
        "melt_below": 2233,
        "pos_ice": 0.3121580390337842,
        "pos_repair": 0.5074385866917162,
        "pos_high": 0.7914030460239208,
        "pos_over": 0.16356850126290245,
        "pos_1d": 0.07884079358349282,
        "pos_3d": 0.11946259525651749,
        "stop_loss_1d": 0.01,
        "stop_loss_3d": 0.01,
        "tp_threshold": 0.059168722879345506,
        "tp_retrace": 0.059276928657369804,
        "yb_top_n": 7,
        "yb_score_min": 47,
        "yb_ice_score": 89,
        "cf_ice_enabled": 2,
        "bd_top_n": 4,
        "bd_score_min": 11,
        "bd_min_hold": 4,
        "td_min_score": 30,
        "td_min_hold": 3
      }
    },
    {
      "score": 111.27704156171762,
      "return": -0.1475822119889235,
      "win_rate": 1.0,
      "max_dd": 0.19326494408905004,
      "params": {
        "ice_thresh": 1293,
        "high_thresh": 3880,
        "melt_below": 2262,
        "pos_ice": 0.3635149841446976,
        "pos_repair": 0.3863979736151008,
        "pos_high": 0.5074193836184928,
        "pos_over": 0.1634939547339564,
        "pos_1d": 0.11769277280119156,
        "pos_3d": 0.13801577053311437,
        "stop_loss_1d": 0.01,
        "stop_loss_3d": 0.01,
        "tp_threshold": 0.03619139139821907,
        "tp_retrace": 0.05326217112441316,
        "yb_top_n": 7,
        "yb_score_min": 48,
        "yb_ice_score": 90,
        "cf_ice_enabled": 2,